{
  "qwen_vl": {
    "model": "qwen_vl",
    "model_full_name": "Qwen2-VL-2B",
    "dataset": "celebdf",
    "results_by_k": {
      "k=2": {
        "k": 2,
        "metrics": {
          "accuracy": 0.8333333333333334,
          "precision": 0.8624338624338624,
          "recall": 0.9588235294117647,
          "f1": 0.9080779944289693,
          "valid_ratio": 1.0,
          "auc": 0.5
        },
        "per_manipulation": {
          "real": {
            "accuracy": 0.07142857142857142,
            "precision": 0.0,
            "recall": 0.0,
            "f1": 0.0,
            "valid_ratio": 1.0,
            "auc": 0.0,
            "count": 28
          },
          "deepfake": {
            "accuracy": 0.9588235294117647,
            "precision": 1.0,
            "recall": 0.9588235294117647,
            "f1": 0.978978978978979,
            "valid_ratio": 1.0,
            "auc": 0.0,
            "count": 170
          }
        },
        "num_samples": 198
      },
      "k=4": {
        "k": 4,
        "metrics": {
          "accuracy": 0.20918367346938777,
          "precision": 0.8181818181818182,
          "recall": 0.10650887573964497,
          "f1": 0.18848167539267016,
          "valid_ratio": 1.0,
          "auc": 0.5
        },
        "per_manipulation": {
          "real": {
            "accuracy": 0.8518518518518519,
            "precision": 0.0,
            "recall": 0.0,
            "f1": 0.0,
            "valid_ratio": 1.0,
            "auc": 0.0,
            "count": 27
          },
          "deepfake": {
            "accuracy": 0.10650887573964497,
            "precision": 1.0,
            "recall": 0.10650887573964497,
            "f1": 0.1925133689839572,
            "valid_ratio": 1.0,
            "auc": 0.0,
            "count": 169
          }
        },
        "num_samples": 196
      },
      "k=8": {
        "k": 8,
        "metrics": {
          "accuracy": 0.140625,
          "precision": 0.0,
          "recall": 0.0,
          "f1": 0.0,
          "valid_ratio": 1.0,
          "auc": 0.5
        },
        "per_manipulation": {
          "real": {
            "accuracy": 1.0,
            "precision": 0.0,
            "recall": 0.0,
            "f1": 0.0,
            "valid_ratio": 1.0,
            "auc": 0.0,
            "count": 27
          },
          "deepfake": {
            "accuracy": 0.0,
            "precision": 0.0,
            "recall": 0.0,
            "f1": 0.0,
            "valid_ratio": 1.0,
            "auc": 0.0,
            "count": 165
          }
        },
        "num_samples": 192
      }
    }
  },
  "smolvlm": {
    "model": "smolvlm",
    "model_full_name": "SmolVLM-Instruct",
    "dataset": "celebdf",
    "results_by_k": {
      "k=2": {
        "k": 2,
        "metrics": {
          "accuracy": 0.8434343434343434,
          "precision": 0.8638743455497382,
          "recall": 0.9705882352941176,
          "f1": 0.9141274238227147,
          "valid_ratio": 1.0,
          "auc": 0.5
        },
        "per_manipulation": {
          "real": {
            "accuracy": 0.07142857142857142,
            "precision": 0.0,
            "recall": 0.0,
            "f1": 0.0,
            "valid_ratio": 1.0,
            "auc": 0.0,
            "count": 28
          },
          "deepfake": {
            "accuracy": 0.9705882352941176,
            "precision": 1.0,
            "recall": 0.9705882352941176,
            "f1": 0.9850746268656716,
            "valid_ratio": 1.0,
            "auc": 0.0,
            "count": 170
          }
        },
        "num_samples": 198
      },
      "k=4": {
        "k": 4,
        "metrics": {
          "accuracy": 0.8571428571428571,
          "precision": 0.8615384615384616,
          "recall": 0.9940828402366864,
          "f1": 0.9230769230769231,
          "valid_ratio": 1.0,
          "auc": 0.5
        },
        "per_manipulation": {
          "real": {
            "accuracy": 0.0,
            "precision": 0.0,
            "recall": 0.0,
            "f1": 0.0,
            "valid_ratio": 1.0,
            "auc": 0.0,
            "count": 27
          },
          "deepfake": {
            "accuracy": 0.9940828402366864,
            "precision": 1.0,
            "recall": 0.9940828402366864,
            "f1": 0.9970326409495549,
            "valid_ratio": 1.0,
            "auc": 0.0,
            "count": 169
          }
        },
        "num_samples": 196
      },
      "k=8": {
        "k": 8,
        "metrics": {
          "accuracy": 0.859375,
          "precision": 0.859375,
          "recall": 1.0,
          "f1": 0.9243697478991597,
          "valid_ratio": 1.0,
          "auc": 0.5
        },
        "per_manipulation": {
          "real": {
            "accuracy": 0.0,
            "precision": 0.0,
            "recall": 0.0,
            "f1": 0.0,
            "valid_ratio": 1.0,
            "auc": 0.0,
            "count": 27
          },
          "deepfake": {
            "accuracy": 1.0,
            "precision": 1.0,
            "recall": 1.0,
            "f1": 1.0,
            "valid_ratio": 1.0,
            "auc": 0.0,
            "count": 165
          }
        },
        "num_samples": 192
      }
    }
  },
  "moondream": {
    "model": "moondream",
    "model_full_name": "MoonDream2",
    "dataset": "celebdf",
    "results_by_k": {
      "k=2": {
        "k": 2,
        "metrics": {
          "accuracy": 0.3282828282828283,
          "precision": 0.8363636363636363,
          "recall": 0.27058823529411763,
          "f1": 0.4088888888888889,
          "valid_ratio": 1.0,
          "auc": 0.5
        },
        "per_manipulation": {
          "real": {
            "accuracy": 0.6785714285714286,
            "precision": 0.0,
            "recall": 0.0,
            "f1": 0.0,
            "valid_ratio": 1.0,
            "auc": 0.0,
            "count": 28
          },
          "deepfake": {
            "accuracy": 0.27058823529411763,
            "precision": 1.0,
            "recall": 0.27058823529411763,
            "f1": 0.42592592592592593,
            "valid_ratio": 1.0,
            "auc": 0.0,
            "count": 170
          }
        },
        "num_samples": 198
      },
      "k=4": {
        "k": 4,
        "metrics": {
          "accuracy": 0.6479591836734694,
          "precision": 0.852112676056338,
          "recall": 0.7159763313609467,
          "f1": 0.7781350482315113,
          "valid_ratio": 1.0,
          "auc": 0.5
        },
        "per_manipulation": {
          "real": {
            "accuracy": 0.2222222222222222,
            "precision": 0.0,
            "recall": 0.0,
            "f1": 0.0,
            "valid_ratio": 1.0,
            "auc": 0.0,
            "count": 27
          },
          "deepfake": {
            "accuracy": 0.7159763313609467,
            "precision": 1.0,
            "recall": 0.7159763313609467,
            "f1": 0.8344827586206897,
            "valid_ratio": 1.0,
            "auc": 0.0,
            "count": 169
          }
        },
        "num_samples": 196
      },
      "k=8": {
        "k": 8,
        "metrics": {
          "accuracy": 0.765625,
          "precision": 0.8529411764705882,
          "recall": 0.8787878787878788,
          "f1": 0.8656716417910447,
          "valid_ratio": 1.0,
          "auc": 0.5
        },
        "per_manipulation": {
          "real": {
            "accuracy": 0.07407407407407407,
            "precision": 0.0,
            "recall": 0.0,
            "f1": 0.0,
            "valid_ratio": 1.0,
            "auc": 0.0,
            "count": 27
          },
          "deepfake": {
            "accuracy": 0.8787878787878788,
            "precision": 1.0,