{
  "model": "smolvlm",
  "model_full_name": "SmolVLM-Instruct",
  "dataset": "faceforensics",
  "evaluation_type": "json_few_shot",
  "results_by_k": {
    "k=4": {
      "k": 4,
      "metrics": {
        "accuracy": 0.20918367346938777,
        "precision": 0.9333333333333333,
        "recall": 0.08333333333333333,
        "f1": 0.15300546448087432,
        "valid_ratio": 1.0,
        "auc_valid_ratio": 1.0,
        "auc": 0.5239158163265305,
        "parse_success_ratio": 1.0,
        "auc_valid_samples": 196
      },
      "per_manipulation": {
        "NeuralTextures": {
          "accuracy": 0.08695652173913043,
          "precision": 1.0,
          "recall": 0.08695652173913043,
          "f1": 0.16,
          "valid_ratio": 1.0,
          "auc_valid_ratio": 1.0,
          "auc": 0.0,
          "count": 23
        },
        "original": {
          "accuracy": 0.9642857142857143,
          "precision": 0.0,
          "recall": 0.0,
          "f1": 0.0,
          "valid_ratio": 1.0,
          "auc_valid_ratio": 1.0,
          "auc": 0.0,
          "count": 28
        },
        "Face2Face": {
          "accuracy": 0.06060606060606061,
          "precision": 1.0,
          "recall": 0.06060606060606061,
          "f1": 0.11428571428571428,
          "valid_ratio": 1.0,
          "auc_valid_ratio": 1.0,
          "auc": 0.0,
          "count": 33
        },
        "DeepFakeDetection": {
          "accuracy": 0.0,
          "precision": 0.0,
          "recall": 0.0,
          "f1": 0.0,
          "valid_ratio": 1.0,
          "auc_valid_ratio": 1.0,
          "auc": 0.0,
          "count": 23
        },
        "Deepfakes": {
          "accuracy": 0.27586206896551724,
          "precision": 1.0,
          "recall": 0.27586206896551724,
          "f1": 0.43243243243243246,
          "valid_ratio": 1.0,
          "auc_valid_ratio": 1.0,
          "auc": 0.0,
          "count": 29
        },
        "FaceShifter": {
          "accuracy": 0.07407407407407407,
          "precision": 1.0,
          "recall": 0.07407407407407407,
          "f1": 0.13793103448275862,
          "valid_ratio": 1.0,
          "auc_valid_ratio": 1.0,
          "auc": 0.0,
          "count": 27
        },
        "FaceSwap": {
          "accuracy": 0.0,
          "precision": 0.0,
          "recall": 0.0,
          "f1": 0.0,
          "valid_ratio": 1.0,
          "auc_valid_ratio": 1.0,
          "auc": 0.0,
          "count": 33
        }
      },
      "num_samples": 196,
      "sample_evidence": [
        [
          "consistent facial boundaries",
          "natural skin texture",
          "coherent lighting"
        ],
        [
          "consistent facial boundaries",
          "natural skin texture",
          "coherent lighting"
        ],
        [
          "consistent facial boundaries",
          "natural skin texture",
          "coherent lighting"
        ],
        [
          "consistent facial boundaries",
          "natural skin texture",
          "coherent lighting"
        ],
        [
          "consistent facial boundaries",
          "natural skin texture",
          "coherent lighting"
        ],
        [
          "consistent facial boundaries",
          "natural skin texture",
          "coherent lighting"
        ],
        [
          "consistent facial boundaries",
          "natural skin texture",
          "coherent lighting"
        ],
        [
          "consistent facial boundaries",
          "natural skin texture",
          "coherent lighting"
        ],
        [
          "consistent facial boundaries",
          "natural skin texture",
          "coherent lighting"
        ],
        [
          "consistent facial boundaries",
          "natural skin texture",
          "coherent lighting"
        ]
      ]
    },
    "k=8": {
      "k": 8,
      "metrics": {
        "accuracy": 0.18229166666666666,
        "precision": 1.0,
        "recall": 0.05421686746987952,
        "f1": 0.10285714285714286,
        "valid_ratio": 1.0,
        "auc_valid_ratio": 1.0,
        "auc": 0.5301204819277109,
        "parse_success_ratio": 1.0,
        "auc_valid_samples": 192
      },
      "per_manipulation": {
        "NeuralTextures": {
          "accuracy": 0.09090909090909091,
          "precision": 1.0,
          "recall": 0.09090909090909091,
          "f1": 0.16666666666666666,
          "valid_ratio": 1.0,
          "auc_valid_ratio": 1.0,
          "auc": 0.0,
          "count": 22
        },
        "original": {
          "accuracy": 1.0,
          "precision": 0.0,
          "recall": 0.0,
          "f1": 0.0,
          "valid_ratio": 1.0,
          "auc_valid_ratio": 1.0,
          "auc": 0.0,
          "count": 26
        },
        "Face2Face": {
          "accuracy": 0.030303030303030304,
          "precision": 1.0,
          "recall": 0.030303030303030304,
          "f1": 0.058823529411764705,
          "valid_ratio": 1.0,
          "auc_valid_ratio": 1.0,
          "auc": 0.0,
          "count": 33
        },
        "DeepFakeDetection": {
          "accuracy": 0.0,
          "precision": 0.0,
          "recall": 0.0,
          "f1": 0.0,
          "valid_ratio": 1.0,
          "auc_valid_ratio": 1.0,
          "auc": 0.0,
          "count": 23
        },
        "Deepfakes": {
          "accuracy": 0.2,
          "precision": 1.0,
          "recall": 0.2,
          "f1": 0.3333333333333333,
          "valid_ratio": 1.0,
          "auc_valid_ratio": 1.0,
          "auc": 0.0,
          "count": 30
        },
        "FaceShifter": {
          "accuracy": 0.0,
          "precision": 0.0,
          "recall": 0.0,
          "f1": 0.0,
          "valid_ratio": 1.0,
          "auc_valid_ratio": 1.0,
          "auc": 0.0,
          "count": 27
        },
        "FaceSwap": {
          "accuracy": 0.0,
          "precision": 0.0,
          "recall": 0.0,
          "f1": 0.0,
          "valid_ratio": 1.0,
          "auc_valid_ratio": 1.0,
          "auc": 0.0,
          "count": 31
        }
      },
      "num_samples": 192,
      "sample_evidence": [
        [
          "consistent facial boundaries",
          "natural skin texture",
          "coherent lighting"
        ],
        [
          "consistent facial boundaries",
          "natural skin texture",
          "coherent lighting"
        ],
        [
          "consistent facial boundaries",
          "natural skin texture",
          "coherent lighting"
        ],
        [
          "consistent facial boundaries",
          "natural skin texture",
          "coherent lighting"
        ],
        [
          "consistent facial boundaries",
          "natural skin texture",
          "coherent lighting"
        ],
        [
          "consistent facial boundaries",
          "natural skin texture",
          "coherent lighting"
        ],
        [
          "consistent facial boundaries",
          "natural skin texture",
          "coherent lighting"
        ],
        [
          "consistent facial boundaries",
          "natural skin texture",
          "coherent lighting"
        ],
        [
          "consistent facial boundaries",
          "natural skin texture",
          "coherent lighting"
        ],
        [
          "consistent facial boundaries",
          "natural skin texture",
          "coherent lighting"
        ]
      ]
    }
  }
}